Stazione,Inquinante,Temperatura,U.misura,Equazione,a,b,c,d,e,f
AIRQ01,14,,,,-755.83779,2.5836,0.12433,0.79302,0.02534,0
AIRQ02,14,,,,-1254,4.302,0.6945,-0.6759,-0.3203,0
AIRQ03,14,,,,-1843,6.371,0.05944,0.1628,-0.1367,0
AIRQ04,14,,,,-1331,4.682,0.0726,-0.592,-0.2607,0
AIRQ05,14,,,,-1120,3.982,1.15,-0.662,-0.4886,0
AIRQ06,14,,,,-7.689132,0.245937,0.199958,-1.09402,-0.575755,0
AIRQ07,14,,,,-1678,5.814,0.0323,0.1339,-0.1109,0
AIRQ08,14,,,,-1627,6.247,0.04689,-0.8087,-0.3681,0
AIRQ09,14,,,,-1542,5.413,0.05555,-0.384,-0.2638,0
AIRQ10,14,,,,-1521,5.16,0.07303,-0.4747,-0.4751,0
AIRQ12,14,,,,1298,-4.405,0.08085,-1.027,-0.4578,0
AIRQ13,14,,,,-1589,5.614,0.07667,-0.9085,-0.442,0
AIRQ14,14,,,,-2132,7.691,0.1099,-1.225,-0.4385,0
AIRQ15,14,,,,-1816,6.43,0.1556,0.04014,-0.3251,0
AIRQ16,14,,,,-1594,5.655,0.1015,0.01605,-0.3011,0
AIRQ17,14,,,,-1670,5.888,0.1005,0.0277,-0.2703,0
AIRQ18,14,,,,-872.8,3.288,0.06688,-1.049,-0.3212,0
AIRQ19,14,,,,-2132,7.691,0.1099,-1.225,-0.4385,0
AIRQ20,14,,,,-1030,3.858,0.08281,-1.065,-0.2503,0
AIRQ21,14,,,,-1783,6.618,0.02885,-1.357,-0.4187,0
AIRQ22,14,,,,-1941,7.098,0.06134,-1.468,-0.3435,0
AIRQ23,14,,,,-1963,7.437,0.06897,-1.537,-0.446,0
AIRQ01,14,35,,,-755.83779,2.5836,0.12433,0.79302,0.02534,0
AIRQ02,14,35,,,-1254,4.302,0.6945,-0.6759,-0.3203,0
AIRQ03,14,35,,,-1843,6.371,0.05944,0.1628,-0.1367,0
AIRQ04,14,35,,,-1331,4.682,0.0726,-0.592,-0.2607,0
AIRQ05,14,35,,,-1120,3.982,1.15,-0.662,-0.4886,0
AIRQ06,14,35,,,-7.689132,0.245937,0.199958,-1.09402,-0.575755,0
AIRQ07,14,35,,,-1678,5.814,0.0323,0.1339,-0.1109,0
AIRQ08,14,35,,,-1627,6.247,0.04689,-0.8087,-0.3681,0
AIRQ09,14,35,,,-1542,5.413,0.05555,-0.384,-0.2638,0
AIRQ10,14,35,,,-1521,5.16,0.07303,-0.4747,-0.4751,0
AIRQ12,14,35,,,1298,-4.405,0.08085,-1.027,-0.4578,0
AIRQ13,14,35,,,-1589,5.614,0.07667,-0.9085,-0.442,0
AIRQ14,14,35,,,-2132,7.691,0.1099,-1.225,-0.4385,0
AIRQ15,14,35,,,-1816,6.43,0.1556,0.04014,-0.3251,0
AIRQ16,14,35,,,-1594,5.655,0.1015,0.01605,-0.3011,0
AIRQ17,14,35,,,-1670,5.888,0.1005,0.0277,-0.2703,0
AIRQ18,14,35,,,-872.8,3.288,0.06688,-1.049,-0.3212,0
AIRQ19,14,35,,,-2132,7.691,0.1099,-1.225,-0.4385,0
AIRQ20,14,35,,,-1030,3.858,0.08281,-1.065,-0.2503,0
AIRQ21,14,35,,,-1783,6.618,0.02885,-1.357,-0.4187,0
AIRQ22,14,35,,,-1941,7.098,0.06134,-1.468,-0.3435,0
AIRQ23,14,35,,,-1963,7.437,0.06897,-1.537,-0.446,0
AIRQ01,15,,,,1045.719,-0.1012517,22.47272,-1185.372,-0.00001573268,0
AIRQ02,15,,,,-1279.81438001599,-0.133930795158718,30.0333857856003,-210.034641394992,-3.87262438213043E-05,0
AIRQ03,15,,,,735.653643832681,0.152718862473985,-25.2335973686217,202.150124988901,-1.19982849003609E-05,0
AIRQ04,15,,,,16573.68,0.04066215,6.585478,-9015.255,-0.0003525329,0
AIRQ05,15,,,,-357.112407358439,-0.133463861257162,29.3434786022101,-771.813098618507,-5.4232133554204E-05,0
AIRQ06,15,,,,-3259.818952844,-0.0685739521791763,16.225627662479,1540.64519464457,7.19301543950637E-06,0
AIRQ07,15,,,,-1387.72620220411,-0.086120930215901,20.4218003532751,164.909747696384,-3.42084220122556E-05,0
AIRQ08,15,,,,-1188.968,-0.1518174,30.6649,-167.791,-0.00003207966,0
AIRQ09,15,,,,-638.631547920425,-0.028248317840494,7.19219568803786,158.033642024135,-2.44002855001744E-05,0
AIRQ10,15,,,,-1697.0385704615,-0.17425404654171,35.1216351308918,18.5765156030135,-2.19135664695937E-05,0
AIRQ11,15,,,,-1187.1490304762,-0.1518174,20.322863701477,32.5897626592658,-3.36811889294303E-05,0
AIRQ12,15,,,,-351.450868287853,-0.009180043704623,2.95870977581226,125.446313178129,-2.47426420437274E-05,0
AIRQ13,15,,,,44339.45,5.134517,-958.2788,247.2404,-0.0002155814,0
AIRQ01,15,35,,,1045.719,-0.1012517,22.47272,-1185.372,-0.00001573268,0
AIRQ02,15,35,,,-1279.81438001599,-0.133930795158718,30.0333857856003,-210.034641394992,-3.87262438213043E-05,0
AIRQ03,15,35,,,735.653643832681,0.152718862473985,-25.2335973686217,202.150124988901,-1.19982849003609E-05,0
AIRQ04,15,35,,,16573.68,0.04066215,6.585478,-9015.255,-0.0003525329,0
AIRQ05,15,35,,,-357.112407358439,-0.133463861257162,29.3434786022101,-771.813098618507,-5.4232133554204E-05,0
AIRQ06,15,35,,,-3259.818952844,-0.0685739521791763,16.225627662479,1540.64519464457,7.19301543950637E-06,0
AIRQ07,15,35,,,-1387.72620220411,-0.086120930215901,20.4218003532751,164.909747696384,-3.42084220122556E-05,0
AIRQ08,15,35,,,-1188.968,-0.1518174,30.6649,-167.791,-0.00003207966,0
AIRQ09,15,35,,,-638.631547920425,-0.028248317840494,7.19219568803786,158.033642024135,-2.44002855001744E-05,0
AIRQ10,15,35,,,-1697.0385704615,-0.17425404654171,35.1216351308918,18.5765156030135,-2.19135664695937E-05,0
AIRQ11,15,35,,,-1187.1490304762,-0.0802096855894595,20.322863701477,32.5897626592658,-3.36811889294303E-05,0
AIRQ12,15,35,,,-351.450868287853,-0.009180043704623,2.95870977581226,125.446313178129,-2.47426420437274E-05,0
AIRQ13,15,35,,,44339.45,5.134517,-958.2788,247.2404,-0.0002155814,0
AIRQ01,12,,,,129.3,-0.01096,1.966,-90.27,-7.59E-12,0
AIRQ02,12,,,,119.7,0.008953,1.89,-87.42,-8.608E-12,0
AIRQ03,12,,,,134.4,-0.005443,2.511,-96.39,-5.265E-12,0
AIRQ04,12,,,,123.4,-0.005826,1.621,-88.22,-7.901E-12,0
AIRQ05,12,,,,72.86,-0.0412,3.096,-54.67,-1.1E-11,0
AIRQ06,12,,,,114.1,-0.02264,4.131,-86.73,-2.277E-11,0
AIRQ07,12,,,,122,-0.007086,1.539,-86.05,-7.452E-12,0
AIRQ08,12,,,,81.35,-0.0481,3.608,-60.32,-2.08E-11,0
AIRQ09,12,,,,134.7,-0.008058,1.701,-94.61,-9.314E-12,0
AIRQ10,12,,,,90.98,-0.04477,3.685,-71.37,-2.455E-11,0
AIRQ12,12,,,,124.3,-0.0417,3.421,-91.21,-2.26E-11,0
AIRQ13,12,,,,117.5,-0.03932,3.334,-84.2,-2.28E-11,0
AIRQ14,12,,,,91.4,-0.02957,2.92,-67.58,-3.07E-11,0
AIRQ15,12,,,,114.2,-0.007276,1.58,-79.57,-7.38E-12,0
AIRQ16,12,,,,127.4,-0.005869,1.513,-89.75,-7.657E-12,0
AIRQ17,12,,,,75.91,-0.006886,1.528,-52.91,-1E-11,0
AIRQ18,12,,,,12.19,-0.04609,3.582,-12.43,-2.225E-11,0
AIRQ19,12,,,,91.4,-0.02957,2.92,-67.58,-3.07E-11,0
AIRQ20,12,,,,129.8,-0.006719,1.596,-92.68,-9.071E-12,0
AIRQ21,12,,,,132.3,-0.03965,3.389,-97.62,-2.781E-11,0
AIRQ22,12,,,,93.24,-0.02787,2.793,-68.31,-2.5E-11,0
AIRQ23,12,,,,82.44,-0.04266,3.309,-58.53,-2.455E-11,0
AIRQ01,12,35,,,129.3,-0.01096,1.966,-90.27,-7.59E-12,0
AIRQ02,12,35,,,119.7,0.008953,1.89,-87.42,-8.608E-12,0
AIRQ03,12,35,,,134.4,-0.005443,2.511,-96.39,-5.265E-12,0
AIRQ04,12,35,,,123.4,-0.005826,1.621,-88.22,-7.901E-12,0
AIRQ05,12,35,,,72.86,-0.0412,3.096,-54.67,-1.1E-11,0
AIRQ06,12,35,,,114.1,-0.02264,4.131,-86.73,-2.277E-11,0
AIRQ07,12,35,,,122,-0.007086,1.539,-86.05,-7.452E-12,0
AIRQ08,12,35,,,81.35,-0.0481,3.608,-60.32,-2.08E-11,0
AIRQ09,12,35,,,134.7,-0.008058,1.701,-94.61,-9.314E-12,0
AIRQ10,12,35,,,90.98,-0.04477,3.685,-71.37,-2.455E-11,0
AIRQ12,12,35,,,124.3,-0.0417,3.421,-91.21,-2.26E-11,0
AIRQ13,12,35,,,117.5,-0.03932,3.334,-84.2,-2.28E-11,0
AIRQ14,12,35,,,91.4,-0.02957,2.92,-67.58,-3.07E-11,0
AIRQ15,12,35,,,114.2,-0.007276,1.58,-79.57,-7.38E-12,0
AIRQ16,12,35,,,127.4,-0.005869,1.513,-89.75,-7.657E-12,0
AIRQ17,12,35,,,75.91,-0.006886,1.528,-52.91,-1E-11,0
AIRQ18,12,35,,,12.19,-0.04609,3.582,-12.43,-2.225E-11,0
AIRQ19,12,35,,,91.4,-0.02957,2.92,-67.58,-3.07E-11,0
AIRQ20,12,35,,,129.8,-0.006719,1.596,-92.68,-9.071E-12,0
AIRQ21,12,35,,,132.3,-0.03965,3.389,-97.62,-2.781E-11,0
AIRQ22,12,35,,,93.24,-0.02787,2.793,-68.31,-2.5E-11,0
AIRQ23,12,35,,,82.44,-0.04266,3.309,-58.53,-2.455E-11,0
AIRQ01,13,,,,15.1355,2.097536,-0.2710341,-2.065714,0,0
AIRQ02,13,,,,17.7027961528583,0.962075809252938,0.126768088408871,-6.63017443203013,0,0
AIRQ03,13,,,,14.1904979868464,1.98476676172679,-0.0672534303554302,-3.78121656196589,0,0
AIRQ04,13,,,,10.93603,5.178284,-0.4062102,-3.03102,0,0
AIRQ05,13,,,,3.43844590560718,-0.108573954937707,0.362277610102057,0.710586645983194,0,0
AIRQ06,13,,,,-13.2110006705724,0.676016559440894,0.434636355720404,5.58391366334269,0,0
AIRQ07,13,,,,29.2677160642203,2.35072592121268,-0.187745585440025,-8.96587603161069,0,0
AIRQ08,13,,,,6.94871,1.894061,-0.06802066,-1.318582,0,0
AIRQ09,13,,,,24.2932959281949,2.06659022973138,-0.189090582749954,-8.42835310969345,0,0
AIRQ10,13,,,,20.9149926776785,2.67897427312421,-0.087437002189436,-6.20471724717009,0,0
AIRQ11,13,,,,21.3735965624245,3.13347614593228,-0.163994207591047,-6.55253847606328,0,0
AIRQ12,13,,,,19.5163526569334,1.94175837055613,-0.0910935928001234,-5.93342503720001,0,0
AIRQ13,13,,,,-7.508856,0.4812582,0.8378002,0.496717,0,0
AIRQ01,13,35,,,15.1355,2.097536,-0.2710341,-2.065714,0,0
AIRQ02,13,35,,,17.7027961528583,0.962075809252938,0.126768088408871,-6.63017443203013,0,0
AIRQ03,13,35,,,14.1904979868464,1.98476676172679,-0.0672534303554302,-3.78121656196589,0,0
AIRQ04,13,35,,,10.93603,5.178284,-0.4062102,-3.03102,0,0
AIRQ05,13,35,,,3.43844590560718,-0.108573954937707,0.362277610102057,0.710586645983194,0,0
AIRQ06,13,35,,,-13.2110006705724,0.676016559440894,0.434636355720404,5.58391366334269,0,0
AIRQ07,13,35,,,29.2677160642203,2.35072592121268,-0.187745585440025,-8.96587603161069,0,0
AIRQ08,13,35,,,6.94871,1.894061,-0.06802066,-1.318582,0,0
AIRQ09,13,35,,,24.2932959281949,2.06659022973138,-0.189090582749954,-8.42835310969345,0,0
AIRQ10,13,35,,,20.9149926776785,2.67897427312421,-0.087437002189436,-6.20471724717009,0,0
AIRQ11,13,35,,,21.3735965624245,3.13347614593228,-0.163994207591047,-6.55253847606328,0,0
AIRQ12,13,35,,,19.5163526569334,1.94175837055613,-0.0910935928001234,-5.93342503720001,0,0
AIRQ13,13,35,,,4.854908,3.250639,-0.1141403,0.4849442,0,0
AIRQ01,8,,,,-132.4071,4.718445,21.45213,-18.28586,0.02131464,0
AIRQ02,8,,,,-86.2680239680668,45.403427688745,-6.75736284753594,1.42603252064858,1.66081682168487,0
AIRQ03,8,,,,658.794920338075,-10.7502357159561,-38.4588532443003,-2.61442385791517,0.709617415061571,0
AIRQ04,8,,,,1222.252,6.308152,-92.58887,-4.948587,-0.2845658,0
AIRQ05,8,,,,991.514425927653,10.1076527492095,-74.6769049285836,0.0901725852456947,1.33878997508852,0
AIRQ06,8,,,,304.375202411514,-16.3529975226148,-6.93521373538823,-5.46497008262733,0.695417635451675,0
AIRQ07,8,,,,-367.270642912365,-20.4504069929457,39.3162364561607,4.60300273113866,1.33137776157308,0
AIRQ08,8,,,,-274.3439,8.204383,22.31295,-9.274287,0.50783396,0
AIRQ09,8,,,,-21.7727986000677,-12.4041971812856,11.0810179098577,0.305052617211372,0.867577456339251,0
AIRQ10,8,,,,-30.7211078905987,-8.71890378092238,7.75970520276499,-1.4341978231346,1.14816304088386,0
AIRQ11,8,,,,-75.9229091130992,-6.88090001357233,9.76824945837638,-0.70517938239702,1.37026771910783,0
AIRQ12,8,,,,-217.544989570683,-9.96817513963005,21.2670206368742,0.759050916797139,0.932330724056945,0
AIRQ13,8,,,,63.71734,-5.656984,1.84674,-2.914594,0.3744853,0
AIRQ01,8,35,,,-132.4071,4.718445,21.45213,-18.28586,0.02131464,0
AIRQ02,8,35,,,-86.2680239680668,45.403427688745,-6.75736284753594,1.42603252064858,1.66081682168487,0
AIRQ03,8,35,,,658.794920338075,-10.7502357159561,-38.4588532443003,-2.61442385791517,0.709617415061571,0
AIRQ04,8,35,,,1222.252,6.308152,-92.58887,-4.948587,-0.2845658,0
AIRQ05,8,35,,,991.514425927653,10.1076527492095,-74.6769049285836,0.0901725852456947,1.33878997508852,0
AIRQ06,8,35,,,304.375202411514,-16.3529975226148,-6.93521373538823,-5.46497008262733,0.695417635451675,0
AIRQ07,8,35,,,-367.270642912365,-20.4504069929457,39.3162364561607,4.60300273113866,1.33137776157308,0
AIRQ08,8,35,,,-274.3439,8.204383,22.31295,-9.274287,0.50783396,0
AIRQ09,8,35,,,-21.7727986000677,-12.4041971812856,11.0810179098577,0.305052617211372,0.867577456339251,0
AIRQ10,8,35,,,-30.7211078905987,-8.71890378092238,7.75970520276499,-1.4341978231346,1.14816304088386,0
AIRQ11,8,35,,,-75.9229091130992,-6.88090001357233,9.76824945837638,-0.70517938239702,1.37026771910783,0
AIRQ12,8,35,,,-217.544989570683,-9.96817513963005,21.2670206368742,0.759050916797139,0.932330724056945,0
AIRQ13,8,35,,,7.508891,0.0074426,-3.5103807,-2.4582184,0.3744853,0
AIRQ01,10,,,,6.1422,0.5997,-2.4025,-1.4863,,
AIRQ02,10,,,,4.4211783,0.0052313,-2.0566211,-1.5817819,,
AIRQ03,10,,,,6.4716951,0.0058336,-3.2274973,-2.173256,,
AIRQ04,10,,,,6.51829,0.4106,-3.39711,-1.39011,,
AIRQ05,10,,,,21.37675,1.35282,-9.60583,-4.54307,,
AIRQ06,10,,,,2.3872437,0.0042077,-1.214126,-0.7798805,,
AIRQ07,10,,,,16.1938859,0.0108247,-8.4339763,-4.3995792,,
AIRQ08,10,,,,4.7215715,0.0047059,-2.2147771,-1.777335,,
AIRQ09,10,,,,18.1025225,0.0115228,-8.9539283,-5.6306321,,
AIRQ10,10,,,,7.508891,0.0074426,-3.5103807,-2.4582184,,
AIRQ11,10,,,,22.46,0.01146,-11.4,-6.997,,
AIRQ12,10,,,,17.1729697,0.0109967,-8.8624088,-4.9683037,,
AIRQ13,10,,,,17.1687625,0.01113,-8.8618462,-5.2085225,,
AIRQ14,10,,,,16.9537927,0.0120989,-8.9675285,-4.9930893,,
AIRQ15,10,,,,5.504309,0.00518,-2.612964,-1.887712,,
AIRQ16,10,,,,5.8320575,0.0053755,-2.8649395,-2.0035142,,
AIRQ17,10,,,,6.4305851,0.005701,-3.2044501,-2.2733629,,
AIRQ18,10,,,,15.9318025,0.0105517,-7.971837,-4.9547146,,
AIRQ20,10,,,,16.9537927,0.0120989,-8.9675285,-4.9930893,,
AIRQ21,10,,,,7.8125421,0.006549,-3.7482496,-2.543932,,
AIRQ22,10,,,,16.9750069,0.0102677,-9.422702,-4.4882775,,
AIRQ23,10,,,,19.25,0.01216,-10.05,-5.055,,
AIRQ01,10,35,,,6.1422,0.5997,-2.4025,-1.4863,,
AIRQ02,10,35,,,4.4211783,0.0052313,-2.0566211,-1.5817819,,
AIRQ03,10,35,,,6.4716951,0.0058336,-3.2274973,-2.173256,,
AIRQ04,10,35,,,6.51829,0.4106,-3.39711,-1.39011,,
AIRQ05,10,35,,,21.37675,1.35282,-9.60583,-4.54307,,
AIRQ06,10,35,,,2.3872437,0.0042077,-1.214126,-0.7798805,,
AIRQ07,10,35,,,16.1938859,0.0108247,-8.4339763,-4.3995792,,
AIRQ08,10,35,,,4.7215715,0.0047059,-2.2147771,-1.777335,,
AIRQ09,10,35,,,18.1025225,0.0115228,-8.9539283,-5.6306321,,
AIRQ10,10,35,,,7.508891,0.0074426,-3.5103807,-2.4582184,,
AIRQ11,10,35,,,22.46,0.01146,-11.4,-6.997,,
AIRQ12,10,35,,,17.1729697,0.0109967,-8.8624088,-4.9683037,,
AIRQ13,10,35,,,17.1687625,0.01113,-8.8618462,-5.2085225,,
AIRQ14,10,35,,,16.9537927,0.0120989,-8.9675285,-4.9930893,,
AIRQ15,10,35,,,5.504309,0.00518,-2.612964,-1.887712,,
AIRQ16,10,35,,,5.8320575,0.0053755,-2.8649395,-2.0035142,,
AIRQ17,10,35,,,6.4305851,0.005701,-3.2044501,-2.2733629,,
AIRQ18,10,35,,,15.9318025,0.0105517,-7.971837,-4.9547146,,
AIRQ20,10,35,,,16.9537927,0.0120989,-8.9675285,-4.9930893,,
AIRQ21,10,35,,,7.8125421,0.006549,-3.7482496,-2.543932,,
AIRQ22,10,35,,,16.9750069,0.0102677,-9.422702,-4.4882775,,
AIRQ23,10,35,,,19.25,0.01216,-10.05,-5.055,,
