"2025-09-01 15:21:16.389+0000","12"
"2025-09-01 15:22:47.066+0000","11"
"2025-09-01 15:25:21.786+0000","10"
"2025-09-01 15:29:51.244+0000","9"
"2025-09-01 15:30:01.668+0000","8"
"2025-09-01 15:31:05.421+0000","7"
"2025-09-01 15:41:05.549+0000","6"
"2025-09-01 15:43:43.516+0000","5"
"2025-09-01 15:45:09.998+0000","4"
"2025-09-01 15:48:38.359+0000","3"
"2025-09-01 15:48:56.455+0000","2"
"2025-09-01 15:49:24.176+0000","1"
"2025-09-01 15:49:47.125+0000","2"
"2025-09-01 15:50:48.525+0000","1"
"2025-09-01 15:51:22.738+0000","2"
"2025-09-01 15:52:03.152+0000","1"
"2025-09-01 17:47:18.749+0000","0"
"2025-09-01 17:52:58.017+0000","0"
"2025-09-02 07:36:10.320+0000","1"
"2025-09-02 07:38:33.128+0000","2"
"2025-09-02 07:44:40.631+0000","3"
"2025-09-02 07:45:32.251+0000","4"
"2025-09-02 07:48:46.313+0000","5"
"2025-09-02 07:51:54.236+0000","6"
"2025-09-02 07:52:44.338+0000","7"
"2025-09-02 07:56:05.052+0000","8"
"2025-09-02 07:56:39.350+0000","9"
"2025-09-02 07:59:36.601+0000","10"
"2025-09-02 08:04:36.617+0000","11"
"2025-09-02 08:14:07.013+0000","12"
"2025-09-02 08:14:39.457+0000","13"
"2025-09-02 08:15:28.895+0000","14"
"2025-09-02 08:15:34.545+0000","15"
"2025-09-02 08:16:45.472+0000","16"
"2025-09-02 08:18:26.409+0000","17"
"2025-09-02 08:18:45.838+0000","18"
"2025-09-02 08:19:16.158+0000","19"
"2025-09-02 08:20:19.035+0000","20"
"2025-09-02 08:20:40.408+0000","21"
"2025-09-02 08:21:02.145+0000","22"
"2025-09-02 08:21:17.120+0000","21"
"2025-09-02 08:21:46.713+0000","22"
"2025-09-02 08:22:03.496+0000","23"
"2025-09-02 08:22:42.943+0000","24"
"2025-09-02 08:24:06.342+0000","25"
"2025-09-02 08:25:57.134+0000","26"
"2025-09-02 08:26:13.259+0000","27"
"2025-09-02 08:27:07.964+0000","28"
"2025-09-02 08:28:47.458+0000","29"
"2025-09-02 08:30:30.117+0000","30"
"2025-09-02 08:32:53.316+0000","31"
"2025-09-02 08:35:30.393+0000","32"
"2025-09-02 08:35:33.861+0000","33"
"2025-09-02 08:40:32.872+0000","34"
"2025-09-02 08:41:01.215+0000","35"
"2025-09-02 08:43:54.669+0000","36"
"2025-09-02 08:44:27.209+0000","35"
"2025-09-02 08:45:12.494+0000","36"
"2025-09-02 08:47:25.204+0000","37"
"2025-09-02 08:48:21.669+0000","38"
"2025-09-02 08:48:38.567+0000","39"
"2025-09-02 08:49:44.133+0000","40"
"2025-09-02 08:50:20.563+0000","39"
"2025-09-02 08:50:36.765+0000","40"
"2025-09-02 08:50:47.757+0000","41"
"2025-09-02 08:50:57.006+0000","40"
"2025-09-02 08:51:07.407+0000","41"
"2025-09-02 08:51:14.501+0000","42"
"2025-09-02 08:51:36.990+0000","43"
"2025-09-02 08:54:09.671+0000","42"
"2025-09-02 08:57:15.158+0000","43"
"2025-09-02 08:58:02.042+0000","44"
"2025-09-02 08:58:22.268+0000","45"
"2025-09-02 09:00:10.999+0000","46"
"2025-09-02 09:00:48.257+0000","47"
"2025-09-02 09:01:24.411+0000","48"
"2025-09-02 09:01:44.988+0000","49"
"2025-09-02 09:02:35.865+0000","50"
"2025-09-02 09:02:39.854+0000","51"
"2025-09-02 09:02:43.869+0000","52"
"2025-09-02 09:02:48.622+0000","53"
"2025-09-02 09:02:55.884+0000","54"
"2025-09-02 09:03:28.697+0000","55"
"2025-09-02 09:05:52.733+0000","56"
"2025-09-02 09:06:09.945+0000","57"
"2025-09-02 09:07:25.300+0000","58"
"2025-09-02 09:08:25.529+0000","59"
"2025-09-02 09:08:32.811+0000","60"
"2025-09-02 09:10:00.207+0000","61"
"2025-09-02 09:10:25.933+0000","62"
"2025-09-02 09:10:28.721+0000","63"
"2025-09-02 09:11:41.443+0000","64"
"2025-09-02 09:14:37.900+0000","65"
"2025-09-02 09:15:31.065+0000","66"
"2025-09-02 09:16:17.213+0000","67"
"2025-09-02 09:17:13.650+0000","68"
"2025-09-02 09:17:48.249+0000","69"
"2025-09-02 09:18:02.644+0000","70"
"2025-09-02 09:18:56.857+0000","71"
"2025-09-02 09:19:02.034+0000","72"
"2025-09-02 09:19:12.583+0000","73"
"2025-09-02 09:19:17.863+0000","74"
"2025-09-02 09:19:21.904+0000","75"
"2025-09-02 09:19:33.891+0000","76"
"2025-09-02 09:20:22.819+0000","77"
"2025-09-02 09:20:44.112+0000","78"
"2025-09-02 09:21:48.297+0000","79"
"2025-09-02 09:21:56.700+0000","80"
"2025-09-02 09:22:08.114+0000","81"
"2025-09-02 09:22:18.960+0000","82"
"2025-09-02 09:22:37.415+0000","83"
"2025-09-02 09:22:42.519+0000","84"
"2025-09-02 09:22:48.657+0000","85"
"2025-09-02 09:24:47.763+0000","86"
"2025-09-02 09:25:23.862+0000","85"
"2025-09-02 09:26:34.860+0000","86"
"2025-09-02 09:26:38.040+0000","87"
"2025-09-02 09:26:52.491+0000","88"
"2025-09-02 09:27:09.909+0000","89"
"2025-09-02 09:27:24.994+0000","90"
"2025-09-02 09:27:38.287+0000","91"
"2025-09-02 09:27:42.403+0000","92"
"2025-09-02 09:27:46.944+0000","91"
"2025-09-02 09:28:37.333+0000","92"
"2025-09-02 09:28:41.048+0000","93"
"2025-09-02 09:28:47.841+0000","94"
"2025-09-02 09:29:10.215+0000","95"
"2025-09-02 09:29:51.791+0000","96"
"2025-09-02 09:30:17.821+0000","97"
"2025-09-02 09:30:26.172+0000","96"
"2025-09-02 09:30:34.906+0000","97"
"2025-09-02 09:30:42.329+0000","98"
"2025-09-02 09:31:32.060+0000","99"
"2025-09-02 09:32:49.312+0000","100"
"2025-09-02 09:33:01.328+0000","101"
"2025-09-02 09:33:05.526+0000","102"
"2025-09-02 09:33:31.587+0000","103"
"2025-09-02 09:33:47.655+0000","104"
"2025-09-02 09:34:24.891+0000","103"
"2025-09-02 09:34:29.690+0000","104"
"2025-09-02 09:34:38.261+0000","105"
"2025-09-02 09:34:47.512+0000","106"
"2025-09-02 09:34:52.913+0000","107"
"2025-09-02 09:35:36.398+0000","108"
"2025-09-02 09:35:45.673+0000","108"
"2025-09-02 09:35:46.950+0000","108"
"2025-09-02 09:37:41.921+0000","109"
"2025-09-02 09:38:21.523+0000","110"
"2025-09-02 09:38:56.531+0000","111"
"2025-09-02 09:39:05.755+0000","112"
"2025-09-02 09:39:13.239+0000","113"
"2025-09-02 09:40:17.855+0000","114"
"2025-09-02 09:40:21.372+0000","115"
"2025-09-02 09:40:45.638+0000","116"
"2025-09-02 09:42:08.255+0000","117"
"2025-09-02 09:42:19.738+0000","116"
"2025-09-02 09:42:21.480+0000","117"
"2025-09-02 09:43:02.831+0000","118"
"2025-09-02 09:43:19.502+0000","119"
"2025-09-02 09:43:32.827+0000","120"
"2025-09-02 09:43:39.659+0000","119"
"2025-09-02 09:43:41.694+0000","120"
"2025-09-02 09:43:54.209+0000","121"
"2025-09-02 09:43:59.261+0000","122"
"2025-09-02 09:44:04.556+0000","123"
"2025-09-02 09:44:22.572+0000","124"
"2025-09-02 09:44:29.131+0000","123"
"2025-09-02 09:45:23.035+0000","124"
"2025-09-02 09:45:28.183+0000","125"
"2025-09-02 09:45:34.811+0000","126"
"2025-09-02 09:45:40.864+0000","127"
"2025-09-02 09:45:44.363+0000","128"
"2025-09-02 09:45:52.009+0000","129"
"2025-09-02 09:45:55.735+0000","130"
"2025-09-02 09:46:06.714+0000","131"
"2025-09-02 09:46:15.970+0000","132"
"2025-09-02 09:46:33.617+0000","133"
"2025-09-02 09:46:38.835+0000","134"
"2025-09-02 09:47:38.809+0000","135"
"2025-09-02 09:47:47.002+0000","136"
"2025-09-02 09:47:53.233+0000","137"
"2025-09-02 09:48:08.672+0000","138"
"2025-09-02 09:48:46.866+0000","137"
"2025-09-02 09:49:09.013+0000","138"
"2025-09-02 09:49:13.353+0000","139"
"2025-09-02 09:49:24.872+0000","140"
"2025-09-02 09:49:34.966+0000","141"
"2025-09-02 09:49:49.414+0000","142"
"2025-09-02 09:49:56.326+0000","143"
"2025-09-02 09:50:02.667+0000","144"
"2025-09-02 09:50:21.055+0000","145"
"2025-09-02 09:50:26.808+0000","146"
"2025-09-02 09:50:32.972+0000","147"
"2025-09-02 09:51:16.409+0000","148"
"2025-09-02 09:51:22.543+0000","149"
"2025-09-02 09:51:27.618+0000","150"
"2025-09-02 09:51:58.321+0000","151"
"2025-09-02 09:52:04.088+0000","152"
"2025-09-02 09:52:09.891+0000","153"
"2025-09-02 09:52:16.755+0000","154"
"2025-09-02 09:52:32.410+0000","155"
"2025-09-02 09:52:41.032+0000","156"
"2025-09-02 09:52:44.038+0000","157"
"2025-09-02 09:52:57.407+0000","158"
"2025-09-02 09:53:02.971+0000","159"
"2025-09-02 09:53:05.574+0000","160"
"2025-09-02 09:53:10.579+0000","161"
"2025-09-02 09:53:24.266+0000","162"
"2025-09-02 09:53:30.528+0000","163"
"2025-09-02 09:53:33.556+0000","164"
"2025-09-02 09:53:50.102+0000","165"
"2025-09-02 09:53:55.315+0000","166"
"2025-09-02 09:54:09.747+0000","167"
"2025-09-02 09:54:14.789+0000","168"
"2025-09-02 09:54:26.283+0000","169"
"2025-09-02 09:54:30.865+0000","170"
"2025-09-02 09:54:40.984+0000","171"
"2025-09-02 09:54:48.218+0000","172"
"2025-09-02 09:54:56.221+0000","173"
"2025-09-02 09:55:14.962+0000","174"
"2025-09-02 09:55:19.800+0000","175"
"2025-09-02 09:55:27.717+0000","174"
"2025-09-02 09:55:29.802+0000","174"
"2025-09-02 09:55:31.628+0000","174"
"2025-09-02 09:55:36.565+0000","175"
"2025-09-02 09:55:41.822+0000","176"
"2025-09-02 09:56:00.188+0000","177"
"2025-09-02 09:56:11.549+0000","178"
"2025-09-02 09:56:40.765+0000","179"
"2025-09-02 09:56:48.830+0000","180"
"2025-09-02 09:57:24.283+0000","181"
"2025-09-02 09:57:29.834+0000","182"
"2025-09-02 09:57:36.406+0000","183"
"2025-09-02 09:57:40.330+0000","184"
"2025-09-02 09:57:44.832+0000","185"
"2025-09-02 09:57:48.943+0000","186"
"2025-09-02 09:57:54.808+0000","187"
"2025-09-02 09:58:01.867+0000","188"
"2025-09-02 09:58:12.592+0000","189"
"2025-09-02 09:58:17.048+0000","190"
"2025-09-02 09:58:21.425+0000","191"
"2025-09-02 09:58:30.255+0000","192"
"2025-09-02 09:58:34.491+0000","193"
"2025-09-02 09:58:43.819+0000","194"
"2025-09-02 09:59:20.095+0000","195"
"2025-09-02 09:59:28.199+0000","196"
"2025-09-02 09:59:33.384+0000","197"
"2025-09-02 09:59:40.784+0000","198"
"2025-09-02 09:59:53.141+0000","199"
"2025-09-02 09:59:58.200+0000","200"
"2025-09-02 10:00:12.887+0000","201"
"2025-09-02 10:00:23.631+0000","202"
"2025-09-02 10:00:41.629+0000","203"
"2025-09-02 10:00:45.328+0000","204"
"2025-09-02 10:01:10.210+0000","205"
"2025-09-02 10:01:14.222+0000","206"
"2025-09-02 10:01:19.115+0000","207"
"2025-09-02 10:01:23.275+0000","208"
"2025-09-02 10:01:31.533+0000","209"
"2025-09-02 10:01:34.139+0000","210"
"2025-09-02 10:01:41.639+0000","211"
"2025-09-02 10:01:46.577+0000","212"
"2025-09-02 10:02:05.701+0000","213"
"2025-09-02 10:02:19.751+0000","214"
"2025-09-02 10:02:28.838+0000","215"
"2025-09-02 10:02:46.558+0000","216"
"2025-09-02 10:02:52.638+0000","217"
"2025-09-02 10:03:36.134+0000","216"
"2025-09-02 10:03:38.998+0000","217"
"2025-09-02 10:03:55.033+0000","218"
"2025-09-02 10:04:00.212+0000","219"
"2025-09-02 10:04:05.622+0000","220"
"2025-09-02 10:04:08.513+0000","221"
"2025-09-02 10:04:19.328+0000","222"
"2025-09-02 10:04:42.356+0000","223"
"2025-09-02 10:04:47.640+0000","224"
"2025-09-02 10:04:54.758+0000","225"
"2025-09-02 10:05:05.940+0000","226"
"2025-09-02 10:05:26.379+0000","227"
"2025-09-02 10:05:30.671+0000","228"
"2025-09-02 10:05:40.055+0000","229"
"2025-09-02 10:05:45.788+0000","230"
"2025-09-02 10:05:49.112+0000","231"
"2025-09-02 10:05:56.611+0000","232"
"2025-09-02 10:05:59.577+0000","233"
"2025-09-02 10:06:15.376+0000","234"
"2025-09-02 10:06:27.772+0000","235"
"2025-09-02 10:06:31.290+0000","234"
"2025-09-02 10:06:33.394+0000","235"
"2025-09-02 10:06:37.379+0000","236"
"2025-09-02 10:06:51.308+0000","237"
"2025-09-02 10:06:57.872+0000","238"
"2025-09-02 10:07:04.501+0000","239"
"2025-09-02 10:07:12.735+0000","240"
"2025-09-02 10:07:20.262+0000","241"
"2025-09-02 10:07:26.897+0000","242"
"2025-09-02 10:07:58.110+0000","243"
"2025-09-02 10:08:03.495+0000","244"
"2025-09-02 10:08:22.350+0000","245"
"2025-09-02 10:08:36.624+0000","246"
"2025-09-02 10:08:41.351+0000","247"
"2025-09-02 10:08:47.307+0000","248"
"2025-09-02 10:08:52.547+0000","249"
"2025-09-02 10:08:59.123+0000","250"
"2025-09-02 10:09:03.342+0000","251"
"2025-09-02 10:09:20.903+0000","252"
"2025-09-02 10:09:24.770+0000","253"
"2025-09-02 10:09:30.307+0000","254"
"2025-09-02 10:09:42.987+0000","255"
"2025-09-02 10:09:48.488+0000","256"
"2025-09-02 10:09:50.420+0000","255"
"2025-09-02 10:09:54.092+0000","256"
"2025-09-02 10:09:56.413+0000","257"
"2025-09-02 10:10:09.298+0000","258"
"2025-09-02 10:10:16.638+0000","259"
"2025-09-02 10:10:21.696+0000","260"
"2025-09-02 10:10:27.230+0000","261"
"2025-09-02 10:10:32.691+0000","262"
"2025-09-02 10:10:38.874+0000","263"
"2025-09-02 10:10:45.490+0000","264"
"2025-09-02 10:11:05.241+0000","265"
"2025-09-02 10:11:11.185+0000","266"
"2025-09-02 10:11:16.552+0000","267"
"2025-09-02 10:11:26.960+0000","268"
"2025-09-02 10:11:35.084+0000","269"
"2025-09-02 10:11:45.215+0000","270"
"2025-09-02 10:11:48.785+0000","269"
"2025-09-02 10:11:53.810+0000","270"
"2025-09-02 10:12:09.627+0000","271"
"2025-09-02 10:12:17.676+0000","272"
"2025-09-02 10:12:30.111+0000","271"
"2025-09-02 10:12:41.618+0000","270"
"2025-09-02 10:12:59.247+0000","271"
"2025-09-02 10:13:09.641+0000","272"
"2025-09-02 10:13:29.877+0000","273"
"2025-09-02 10:13:47.052+0000","274"
"2025-09-02 10:13:57.155+0000","275"
"2025-09-02 10:14:02.548+0000","276"
"2025-09-02 10:14:06.535+0000","277"
"2025-09-02 10:14:29.065+0000","278"
"2025-09-02 10:14:35.719+0000","279"
"2025-09-02 10:14:39.913+0000","280"
"2025-09-02 10:14:46.215+0000","281"
"2025-09-02 10:14:51.624+0000","282"
"2025-09-02 10:14:59.181+0000","283"
"2025-09-02 10:15:08.068+0000","284"
"2025-09-02 10:15:12.669+0000","285"
"2025-09-02 10:15:16.938+0000","286"
"2025-09-02 10:15:31.166+0000","287"
"2025-09-02 10:15:34.267+0000","288"
"2025-09-02 10:15:38.551+0000","289"
"2025-09-02 10:15:48.036+0000","290"
"2025-09-02 10:16:11.458+0000","291"
"2025-09-02 10:16:25.032+0000","292"
"2025-09-02 10:16:42.133+0000","293"
"2025-09-02 10:17:05.177+0000","292"
"2025-09-02 10:17:23.293+0000","293"
"2025-09-02 10:17:31.266+0000","294"
"2025-09-02 10:17:47.142+0000","295"
"2025-09-02 10:17:52.430+0000","296"
"2025-09-02 10:17:56.435+0000","297"
"2025-09-02 10:18:28.585+0000","298"
"2025-09-02 10:19:03.631+0000","299"
"2025-09-02 10:19:16.588+0000","298"
"2025-09-02 10:19:37.353+0000","299"
"2025-09-02 10:19:59.552+0000","300"
"2025-09-02 10:20:08.473+0000","301"
"2025-09-02 10:20:12.089+0000","302"
"2025-09-02 10:20:15.111+0000","303"
"2025-09-02 10:21:08.378+0000","304"
"2025-09-02 10:21:29.943+0000","305"
"2025-09-02 10:21:38.398+0000","306"
"2025-09-02 10:22:17.120+0000","307"
"2025-09-02 10:22:26.877+0000","308"
"2025-09-02 10:22:32.444+0000","309"
"2025-09-02 10:22:37.771+0000","310"
"2025-09-02 10:22:47.250+0000","311"
"2025-09-02 10:23:02.331+0000","312"
"2025-09-02 10:23:06.664+0000","313"
"2025-09-02 10:23:13.863+0000","312"
"2025-09-02 10:23:49.028+0000","313"
"2025-09-02 10:23:53.018+0000","314"
"2025-09-02 10:24:17.135+0000","315"
"2025-09-02 10:24:31.612+0000","316"
"2025-09-02 10:24:35.656+0000","317"
"2025-09-02 10:25:11.329+0000","318"
"2025-09-02 10:25:53.097+0000","317"
"2025-09-02 10:26:09.881+0000","316"
"2025-09-02 10:26:28.100+0000","317"
"2025-09-02 10:27:35.823+0000","318"
"2025-09-02 10:27:44.147+0000","319"
"2025-09-02 10:28:05.356+0000","320"
"2025-09-02 10:28:24.325+0000","321"
"2025-09-02 10:28:49.522+0000","322"
"2025-09-02 10:29:13.549+0000","323"
"2025-09-02 10:29:42.951+0000","324"
"2025-09-02 10:30:00.696+0000","323"
"2025-09-02 10:30:30.063+0000","324"
"2025-09-02 10:30:33.268+0000","325"
"2025-09-02 10:31:16.693+0000","326"
"2025-09-02 10:33:17.163+0000","327"
"2025-09-02 10:33:30.501+0000","328"
"2025-09-02 10:33:38.295+0000","327"
"2025-09-02 10:33:59.034+0000","328"
"2025-09-02 10:34:58.230+0000","329"
"2025-09-02 10:38:32.054+0000","330"
"2025-09-02 10:38:42.857+0000","331"
"2025-09-02 10:39:27.944+0000","330"
"2025-09-02 10:39:55.052+0000","331"
"2025-09-02 10:40:02.207+0000","331"
"2025-09-02 10:40:07.450+0000","331"
"2025-09-02 10:40:10.504+0000","331"
"2025-09-02 10:40:13.047+0000","331"
"2025-09-02 10:40:17.419+0000","330"
"2025-09-02 10:40:57.214+0000","331"
"2025-09-02 10:41:45.126+0000","332"
"2025-09-02 10:42:02.984+0000","331"
"2025-09-02 10:42:40.337+0000","332"
"2025-09-02 10:42:42.223+0000","333"
"2025-09-02 10:44:35.247+0000","332"
"2025-09-02 10:45:41.874+0000","333"
"2025-09-02 10:48:09.880+0000","332"
"2025-09-02 10:49:05.261+0000","331"
"2025-09-02 10:49:13.571+0000","330"
"2025-09-02 10:52:28.608+0000","329"
"2025-09-02 10:55:43.184+0000","328"
"2025-09-02 10:57:34.411+0000","329"
"2025-09-02 10:58:11.638+0000","330"
"2025-09-02 11:00:01.386+0000","329"
"2025-09-02 11:01:05.076+0000","328"
"2025-09-02 11:09:23.057+0000","327"
"2025-09-02 11:09:29.317+0000","326"
"2025-09-02 11:09:35.861+0000","325"
"2025-09-02 11:12:55.514+0000","326"
"2025-09-02 11:13:17.725+0000","325"
"2025-09-02 11:13:22.261+0000","324"
"2025-09-02 11:20:51.407+0000","323"
"2025-09-02 11:22:02.891+0000","322"
"2025-09-02 11:23:10.125+0000","321"
"2025-09-02 11:23:18.528+0000","320"
"2025-09-02 11:24:27.905+0000","320"
"2025-09-02 11:24:29.166+0000","320"
"2025-09-02 11:24:30.365+0000","319"
"2025-09-02 11:24:31.675+0000","320"
"2025-09-02 11:24:43.270+0000","320"
"2025-09-02 11:24:44.600+0000","320"
"2025-09-02 11:24:46.466+0000","319"
"2025-09-02 11:24:47.695+0000","320"
"2025-09-02 11:24:49.291+0000","319"
"2025-09-02 11:27:15.723+0000","318"
"2025-09-02 11:28:49.720+0000","317"
"2025-09-02 11:31:29.573+0000","316"
"2025-09-02 11:31:44.774+0000","315"
"2025-09-02 11:32:23.916+0000","316"
"2025-09-02 11:32:32.788+0000","317"
"2025-09-02 11:33:06.170+0000","318"
"2025-09-02 11:34:25.075+0000","317"
"2025-09-02 11:34:40.471+0000","316"
"2025-09-02 11:36:08.036+0000","315"
"2025-09-02 11:39:36.306+0000","314"
"2025-09-02 11:39:42.943+0000","313"
"2025-09-02 11:40:42.500+0000","312"
"2025-09-02 11:41:32.583+0000","311"
"2025-09-02 11:42:05.182+0000","310"
"2025-09-02 11:43:10.680+0000","309"
"2025-09-02 11:46:59.687+0000","310"
"2025-09-02 11:47:03.483+0000","309"
"2025-09-02 11:47:38.830+0000","308"
"2025-09-02 11:48:02.303+0000","307"
"2025-09-02 11:48:08.456+0000","306"
"2025-09-02 11:48:24.915+0000","305"
"2025-09-02 11:49:46.130+0000","304"
"2025-09-02 11:49:48.429+0000","303"
"2025-09-02 11:52:34.983+0000","302"
"2025-09-02 11:52:45.579+0000","301"
"2025-09-02 11:52:47.623+0000","300"
"2025-09-02 11:53:24.048+0000","299"
"2025-09-02 11:55:25.463+0000","298"
"2025-09-02 11:55:37.180+0000","297"
"2025-09-02 11:55:42.229+0000","298"
"2025-09-02 11:57:35.794+0000","297"
"2025-09-02 11:59:01.918+0000","296"
"2025-09-02 11:59:23.425+0000","295"
"2025-09-02 11:59:27.867+0000","296"
"2025-09-02 12:02:09.692+0000","295"
"2025-09-02 12:02:19.566+0000","294"
"2025-09-02 12:03:27.965+0000","293"
"2025-09-02 12:05:03.560+0000","292"
"2025-09-02 12:06:04.578+0000","291"
"2025-09-02 12:06:38.786+0000","290"
"2025-09-02 12:06:48.489+0000","289"
"2025-09-02 12:12:44.178+0000","288"
"2025-09-02 12:15:25.673+0000","287"
"2025-09-02 12:15:38.575+0000","286"
"2025-09-02 12:15:58.513+0000","287"
"2025-09-02 12:17:27.613+0000","286"
"2025-09-02 12:17:37.719+0000","285"
"2025-09-02 12:18:27.299+0000","284"
"2025-09-02 12:18:40.286+0000","283"
"2025-09-02 12:19:12.394+0000","284"
"2025-09-02 12:19:16.994+0000","285"
"2025-09-02 12:19:36.087+0000","284"
"2025-09-02 12:20:13.150+0000","283"
"2025-09-02 12:22:06.131+0000","282"
"2025-09-02 12:22:42.996+0000","281"
"2025-09-02 12:24:19.342+0000","280"
"2025-09-02 12:24:30.697+0000","281"
"2025-09-02 12:25:09.600+0000","282"
"2025-09-02 12:25:13.590+0000","281"
"2025-09-02 12:25:24.152+0000","282"
"2025-09-02 12:25:31.004+0000","281"
"2025-09-02 12:26:00.548+0000","280"
"2025-09-02 12:26:56.434+0000","281"
"2025-09-02 12:27:03.944+0000","282"
"2025-09-02 12:27:57.445+0000","283"
"2025-09-02 12:28:08.944+0000","282"
"2025-09-02 12:28:16.517+0000","281"
"2025-09-02 12:28:21.171+0000","280"
"2025-09-02 12:28:40.876+0000","281"
"2025-09-02 12:29:09.726+0000","280"
"2025-09-02 12:29:37.142+0000","281"
"2025-09-02 12:30:55.909+0000","280"
"2025-09-02 12:31:19.743+0000","281"
"2025-09-02 12:31:26.564+0000","282"
"2025-09-02 12:31:30.036+0000","281"
"2025-09-02 12:31:49.405+0000","280"
"2025-09-02 12:32:04.050+0000","281"
"2025-09-02 12:32:34.252+0000","282"
"2025-09-02 12:33:06.564+0000","281"
"2025-09-02 12:33:36.267+0000","280"
"2025-09-02 12:33:44.142+0000","279"
"2025-09-02 12:34:02.990+0000","280"
"2025-09-02 12:34:26.415+0000","279"
"2025-09-02 12:35:33.109+0000","278"
"2025-09-02 12:35:56.204+0000","277"
"2025-09-02 12:36:27.424+0000","276"
"2025-09-02 12:38:06.374+0000","345"
"2025-09-02 12:38:17.657+0000","344"
"2025-09-02 12:39:11.641+0000","345"
"2025-09-02 12:39:14.310+0000","346"
"2025-09-02 12:41:25.548+0000","345"
"2025-09-02 12:42:06.843+0000","344"
"2025-09-02 12:42:58.984+0000","345"
"2025-09-02 12:43:08.556+0000","344"
"2025-09-02 12:43:12.714+0000","345"
"2025-09-02 12:43:34.481+0000","344"
"2025-09-02 12:43:48.944+0000","343"
"2025-09-02 12:44:05.710+0000","342"
"2025-09-02 12:44:22.844+0000","341"
"2025-09-02 12:45:38.446+0000","342"
"2025-09-02 12:45:41.318+0000","341"
"2025-09-02 12:46:21.050+0000","340"
"2025-09-02 12:46:49.414+0000","339"
"2025-09-02 12:47:30.978+0000","338"
"2025-09-02 12:47:53.506+0000","339"
"2025-09-02 12:48:54.715+0000","338"
"2025-09-02 12:49:43.960+0000","337"
"2025-09-02 12:49:51.321+0000","338"
"2025-09-02 12:50:03.330+0000","339"
"2025-09-02 12:50:12.533+0000","338"
"2025-09-02 12:50:19.007+0000","339"
"2025-09-02 12:50:36.935+0000","338"
"2025-09-02 12:50:52.099+0000","339"
"2025-09-02 12:51:34.421+0000","338"
"2025-09-02 12:51:55.980+0000","337"
"2025-09-02 12:52:10.472+0000","336"
"2025-09-02 12:53:05.597+0000","335"
"2025-09-02 12:53:10.445+0000","334"
"2025-09-02 12:53:17.779+0000","333"
"2025-09-02 12:53:19.024+0000","332"
"2025-09-02 12:53:27.035+0000","331"
"2025-09-02 12:54:37.976+0000","330"
"2025-09-02 12:55:57.043+0000","329"
"2025-09-02 12:56:29.020+0000","328"
"2025-09-02 12:57:18.841+0000","327"
"2025-09-02 12:57:56.371+0000","326"
"2025-09-02 12:58:30.776+0000","325"
"2025-09-02 12:58:42.703+0000","324"
"2025-09-02 12:58:48.591+0000","323"
"2025-09-02 13:00:00.803+0000","324"
"2025-09-02 13:00:42.805+0000","323"
"2025-09-02 13:00:57.133+0000","322"
"2025-09-02 13:01:04.879+0000","321"
"2025-09-02 13:01:25.831+0000","320"
"2025-09-02 13:02:06.632+0000","319"
"2025-09-02 13:02:29.327+0000","318"
"2025-09-02 13:02:38.647+0000","317"
"2025-09-02 13:02:43.515+0000","316"
"2025-09-02 13:02:45.642+0000","317"
"2025-09-02 13:03:05.795+0000","316"
"2025-09-02 13:03:15.463+0000","315"
"2025-09-02 13:03:37.902+0000","314"
"2025-09-02 13:03:59.602+0000","315"
"2025-09-02 13:04:14.982+0000","314"
"2025-09-02 13:04:53.586+0000","313"
"2025-09-02 13:05:53.330+0000","312"
"2025-09-02 13:06:23.598+0000","311"
"2025-09-02 13:07:02.472+0000","310"
"2025-09-02 13:07:35.603+0000","309"
"2025-09-02 13:07:46.967+0000","308"
"2025-09-02 13:07:49.036+0000","308"
"2025-09-02 13:07:50.760+0000","308"
"2025-09-02 13:08:16.690+0000","307"
"2025-09-02 13:08:50.704+0000","306"
"2025-09-02 13:09:13.330+0000","307"
"2025-09-02 13:09:31.498+0000","306"
"2025-09-02 13:09:53.827+0000","305"
"2025-09-02 13:09:55.953+0000","305"
"2025-09-02 13:09:57.906+0000","305"
"2025-09-02 13:09:59.735+0000","306"
"2025-09-02 13:10:01.546+0000","306"
"2025-09-02 13:10:04.040+0000","306"
"2025-09-02 13:10:09.511+0000","305"
"2025-09-02 13:10:12.265+0000","305"
"2025-09-02 13:10:15.300+0000","305"
"2025-09-02 13:10:17.421+0000","306"
"2025-09-02 13:10:20.785+0000","305"
"2025-09-02 13:10:22.778+0000","306"
"2025-09-02 13:10:25.094+0000","305"
"2025-09-02 13:10:27.035+0000","304"
"2025-09-02 13:11:22.431+0000","303"
"2025-09-02 13:11:41.052+0000","302"
"2025-09-02 13:12:08.308+0000","301"
"2025-09-02 13:12:24.590+0000","300"
"2025-09-02 13:12:35.849+0000","299"
"2025-09-02 13:12:37.318+0000","300"
"2025-09-02 13:12:54.236+0000","299"
"2025-09-02 13:13:31.315+0000","298"
"2025-09-02 13:13:54.754+0000","297"
"2025-09-02 13:15:05.124+0000","296"
"2025-09-02 13:15:13.348+0000","295"
"2025-09-02 13:15:18.658+0000","294"
"2025-09-02 13:15:46.697+0000","293"
"2025-09-02 13:15:54.330+0000","292"
"2025-09-02 13:15:58.283+0000","291"
"2025-09-02 13:17:58.031+0000","292"
"2025-09-02 13:18:04.042+0000","291"
"2025-09-02 13:18:35.724+0000","290"
"2025-09-02 13:18:44.460+0000","291"
"2025-09-02 13:18:57.025+0000","292"
"2025-09-02 13:19:14.327+0000","291"
"2025-09-02 13:20:06.671+0000","292"
"2025-09-02 13:20:49.949+0000","291"
"2025-09-02 13:21:07.855+0000","290"
"2025-09-02 13:21:14.903+0000","289"
"2025-09-02 13:21:24.150+0000","288"
"2025-09-02 13:21:36.273+0000","287"
"2025-09-02 13:21:41.561+0000","286"
"2025-09-02 13:21:47.858+0000","285"
"2025-09-02 13:21:59.499+0000","286"
"2025-09-02 13:22:08.072+0000","285"
"2025-09-02 13:22:51.151+0000","284"
"2025-09-02 13:23:34.465+0000","283"
"2025-09-02 13:23:45.104+0000","282"
"2025-09-02 13:23:49.422+0000","281"
"2025-09-02 13:24:13.872+0000","282"
"2025-09-02 13:24:17.364+0000","283"
"2025-09-02 13:24:45.746+0000","282"
"2025-09-02 13:25:18.121+0000","281"
"2025-09-02 13:25:33.004+0000","280"
"2025-09-02 13:25:54.343+0000","279"
"2025-09-02 13:26:41.084+0000","278"
"2025-09-02 13:27:42.349+0000","277"
"2025-09-02 13:27:59.374+0000","276"
"2025-09-02 13:28:11.247+0000","275"
"2025-09-02 13:28:21.383+0000","274"
"2025-09-02 13:29:37.134+0000","273"
"2025-09-02 13:29:46.684+0000","272"
"2025-09-02 13:29:59.023+0000","271"
"2025-09-02 13:31:34.107+0000","270"
"2025-09-02 13:31:57.261+0000","269"
"2025-09-02 13:32:11.305+0000","268"
"2025-09-02 13:32:17.262+0000","267"
"2025-09-02 13:32:51.097+0000","266"
"2025-09-02 13:33:42.103+0000","267"
"2025-09-02 13:34:10.753+0000","266"
"2025-09-02 13:34:30.827+0000","267"
"2025-09-02 13:35:12.865+0000","266"
"2025-09-02 13:35:25.519+0000","265"
"2025-09-02 13:35:33.855+0000","264"
"2025-09-02 13:36:34.551+0000","263"
"2025-09-02 13:36:44.090+0000","262"
"2025-09-02 13:36:58.371+0000","261"
"2025-09-02 13:37:19.892+0000","260"
"2025-09-02 13:37:25.126+0000","259"
"2025-09-02 13:38:11.819+0000","258"
"2025-09-02 13:38:31.177+0000","257"
"2025-09-02 13:38:39.193+0000","256"
"2025-09-02 13:39:03.926+0000","255"
"2025-09-02 13:41:42.325+0000","254"
"2025-09-02 13:42:40.600+0000","253"
"2025-09-02 13:42:51.064+0000","252"
"2025-09-02 13:42:58.157+0000","251"
"2025-09-02 13:43:25.627+0000","252"
"2025-09-02 13:44:00.397+0000","251"
"2025-09-02 13:44:31.269+0000","250"
"2025-09-02 13:44:40.238+0000","249"
"2025-09-02 13:45:05.180+0000","248"
"2025-09-02 13:45:08.916+0000","249"
"2025-09-02 13:45:28.474+0000","248"
"2025-09-02 13:45:55.827+0000","247"
"2025-09-02 13:46:11.261+0000","246"
"2025-09-02 13:46:26.431+0000","245"
"2025-09-02 13:46:37.599+0000","244"
"2025-09-02 13:47:07.121+0000","243"
"2025-09-02 13:47:34.354+0000","242"
"2025-09-02 13:47:41.763+0000","241"
"2025-09-02 13:48:13.143+0000","240"
"2025-09-02 13:48:32.622+0000","239"
"2025-09-02 13:49:07.117+0000","238"
"2025-09-02 13:50:13.912+0000","237"
"2025-09-02 13:51:25.309+0000","236"
"2025-09-02 13:51:52.236+0000","235"
"2025-09-02 13:51:53.522+0000","234"
"2025-09-02 13:52:00.938+0000","233"
"2025-09-02 13:52:07.708+0000","232"
"2025-09-02 13:52:39.619+0000","231"
"2025-09-02 13:52:42.235+0000","230"
"2025-09-02 13:53:11.971+0000","229"
"2025-09-02 13:53:33.887+0000","228"
"2025-09-02 13:54:26.072+0000","227"
"2025-09-02 13:54:33.889+0000","226"
"2025-09-02 13:54:43.065+0000","225"
"2025-09-02 13:55:32.846+0000","224"
"2025-09-02 13:55:45.944+0000","223"
"2025-09-02 13:56:05.900+0000","222"
"2025-09-02 13:56:34.891+0000","221"
"2025-09-02 13:58:42.275+0000","220"
"2025-09-02 13:59:02.865+0000","219"
"2025-09-02 13:59:30.941+0000","220"
"2025-09-02 13:59:58.963+0000","219"
"2025-09-02 14:00:12.762+0000","218"
"2025-09-02 14:00:27.722+0000","217"
"2025-09-02 14:01:05.967+0000","216"
"2025-09-02 14:01:59.273+0000","215"
"2025-09-02 14:02:54.781+0000","214"
"2025-09-02 14:03:36.290+0000","213"
"2025-09-02 14:03:50.170+0000","212"
"2025-09-02 14:03:52.232+0000","211"
"2025-09-02 14:04:01.525+0000","210"
"2025-09-02 14:04:52.630+0000","209"
"2025-09-02 14:05:20.179+0000","208"
"2025-09-02 14:05:26.156+0000","207"
"2025-09-02 14:06:25.621+0000","206"
"2025-09-02 14:07:05.347+0000","205"
"2025-09-02 14:07:23.373+0000","204"
"2025-09-02 14:07:25.028+0000","203"
"2025-09-02 14:08:20.549+0000","202"
"2025-09-02 14:08:57.156+0000","201"
"2025-09-02 14:09:26.604+0000","200"
"2025-09-02 14:10:54.980+0000","199"
"2025-09-02 14:11:39.675+0000","198"
"2025-09-02 14:12:27.449+0000","197"
"2025-09-02 14:13:26.647+0000","196"
"2025-09-02 14:13:46.780+0000","195"
"2025-09-02 14:14:39.357+0000","194"
"2025-09-02 14:15:22.336+0000","193"
"2025-09-02 14:16:04.050+0000","192"
"2025-09-02 14:16:14.202+0000","191"
"2025-09-02 14:17:12.452+0000","192"
"2025-09-02 14:17:20.113+0000","193"
"2025-09-02 14:17:23.405+0000","192"
"2025-09-02 14:18:42.287+0000","191"
"2025-09-02 14:20:39.951+0000","190"
"2025-09-02 14:21:21.613+0000","189"
"2025-09-02 14:21:50.089+0000","188"
"2025-09-02 14:22:05.245+0000","187"
"2025-09-02 14:23:39.437+0000","186"
"2025-09-02 14:24:32.880+0000","185"
"2025-09-02 14:24:43.940+0000","184"
"2025-09-02 14:24:58.841+0000","183"
"2025-09-02 14:25:10.612+0000","182"
"2025-09-02 14:25:31.041+0000","181"
"2025-09-02 14:25:58.220+0000","180"
"2025-09-02 14:26:00.852+0000","179"
"2025-09-02 14:27:19.965+0000","178"
"2025-09-02 14:27:38.236+0000","177"
"2025-09-02 14:27:57.591+0000","176"
"2025-09-02 14:29:24.734+0000","175"
"2025-09-02 14:29:38.947+0000","174"
"2025-09-02 14:30:21.725+0000","173"
"2025-09-02 14:30:34.142+0000","172"
"2025-09-02 14:32:02.034+0000","171"
"2025-09-02 14:32:42.448+0000","170"
"2025-09-02 14:32:47.315+0000","169"
"2025-09-02 14:33:59.463+0000","168"
"2025-09-02 14:34:47.990+0000","167"
"2025-09-02 14:35:13.721+0000","166"
"2025-09-02 14:35:25.499+0000","165"
"2025-09-02 14:35:42.894+0000","164"
"2025-09-02 14:35:54.162+0000","163"
"2025-09-02 14:36:09.863+0000","162"
"2025-09-02 14:36:26.730+0000","161"
"2025-09-02 14:36:47.654+0000","160"
"2025-09-02 14:37:11.880+0000","161"
"2025-09-02 14:38:15.963+0000","160"
"2025-09-02 14:38:23.806+0000","159"
"2025-09-02 14:39:01.828+0000","158"
"2025-09-02 14:39:58.209+0000","157"
"2025-09-02 14:40:30.650+0000","156"
"2025-09-02 14:41:06.135+0000","155"
"2025-09-02 14:41:51.920+0000","154"
"2025-09-02 14:42:10.244+0000","153"
"2025-09-02 14:43:22.293+0000","152"
"2025-09-02 14:45:19.690+0000","151"
"2025-09-02 14:46:06.419+0000","150"
"2025-09-02 14:46:40.107+0000","149"
"2025-09-02 14:47:26.034+0000","148"
"2025-09-02 14:47:42.972+0000","147"
"2025-09-02 14:47:54.047+0000","146"
"2025-09-02 14:48:06.758+0000","145"
"2025-09-02 14:48:13.974+0000","146"
"2025-09-02 14:48:35.132+0000","145"
"2025-09-02 14:49:02.895+0000","144"
"2025-09-02 14:49:06.345+0000","145"
"2025-09-02 14:49:08.049+0000","144"
"2025-09-02 14:50:20.736+0000","143"
"2025-09-02 14:50:55.947+0000","142"
"2025-09-02 14:51:29.961+0000","141"
"2025-09-02 14:51:53.111+0000","142"
"2025-09-02 14:52:36.824+0000","141"
"2025-09-02 14:52:48.352+0000","141"
"2025-09-02 14:52:50.041+0000","141"
"2025-09-02 14:52:51.541+0000","140"
"2025-09-02 14:53:18.651+0000","139"
"2025-09-02 14:53:51.875+0000","138"
"2025-09-02 14:54:35.377+0000","137"
"2025-09-02 14:55:12.290+0000","136"
"2025-09-02 14:56:11.489+0000","135"
"2025-09-02 14:56:18.643+0000","134"
"2025-09-02 14:56:32.858+0000","133"
"2025-09-02 14:57:33.586+0000","132"
"2025-09-02 14:57:59.088+0000","131"
"2025-09-02 14:58:22.346+0000","130"
"2025-09-02 14:59:58.000+0000","129"
"2025-09-02 15:01:11.128+0000","128"
"2025-09-02 15:03:19.314+0000","127"
"2025-09-02 15:03:27.783+0000","126"
"2025-09-02 15:04:00.628+0000","125"
"2025-09-02 15:05:16.886+0000","124"
"2025-09-02 15:05:18.783+0000","124"
"2025-09-02 15:05:20.756+0000","124"
"2025-09-02 15:05:35.887+0000","123"
"2025-09-02 15:06:42.936+0000","122"
"2025-09-02 15:06:53.199+0000","121"
"2025-09-02 15:06:57.581+0000","122"
"2025-09-02 15:07:04.973+0000","123"
"2025-09-02 15:07:38.793+0000","122"
"2025-09-02 15:08:07.777+0000","121"
"2025-09-02 15:10:00.295+0000","120"
"2025-09-02 15:11:26.512+0000","119"
"2025-09-02 15:11:50.253+0000","118"
"2025-09-02 15:12:10.120+0000","117"
"2025-09-02 15:12:40.615+0000","116"
"2025-09-02 15:13:03.240+0000","115"
"2025-09-02 15:13:09.704+0000","114"
"2025-09-02 15:13:22.363+0000","113"
"2025-09-02 15:13:49.926+0000","112"
"2025-09-02 15:14:01.626+0000","111"
"2025-09-02 15:16:26.815+0000","110"
"2025-09-02 15:18:55.234+0000","109"
"2025-09-02 15:19:11.503+0000","110"